id,matchup
486d95087ff4445da692067dfdbd3870,ZvZ
2de9f70785c848f8bb580f188c4f0302,ZvZ
38ca5b10579f4dc9b7d5b54c5271afab,ZvZ
bf780984dd2f403ba3668a2997b89841,ZvZ
8c59ca38e232444bb30648cc9f2d221e,ZvZ
6ac6c5f88b7d42839e1d2d66a8ef4e3d,ZvZ
8b43a634aa6b44348a3a0998ce8d9365,ZvZ
dabf6c04cbbd4a9aa5c892b12b3e0862,ZvZ
1e6a82b60c82487785b54ff370b84458,ZvZ
5ed5b31ba5384015b307a7d73aa33194,ZvZ
0b4d39672ac74ee38c41a9cf8f483a7f,ZvZ
94d6df009e5d4d11866eb6d320cdeafb,ZvZ
c5b36da5cad64631a2921093946f583e,ZvZ
f79e125fd7e941388207c6a846e7013d,ZvZ
88defdd74e554be4885aac39873c49a9,ZvZ
39660725f1184153a61426053825b673,ZvZ
7dd8c1cfd3ee4224b701513de3880da1,ZvZ
ed8ba48a782142d08e9d69648d79211a,ZvZ
c747167b06834945ab520d3a8ce4f5df,ZvZ
7a0ab99233dc494e82da29164307b263,ZvZ
6ced4bc9928249b2a77df563437ab72d,ZvZ
5367ff0c0ce44a12a88c45b9c635b4d8,ZvZ
d168a0e1bf46466d858010742a5235d2,ZvZ
fdf568814127436aa20a56e15470acec,ZvZ
e86e7f37bee04c248dab6acbabfe05a5,ZvZ
081eafab4bec44d3b86fc56c619a2610,ZvZ
c54d448b61e045c5b88f1b6c81ff1dc7,ZvZ
db2ac3f685394d849642573126f85bf2,ZvZ
c2168cfb2ebc444abf3014a74cdd548a,ZvZ
40237657bf6f40639e1519f1043622c6,ZvZ
fadca0939da5461fbbd7e2de5bdc9f4d,ZvZ
cb94cc477ccb484187cca91206468784,ZvZ
29c0341d14b14a5ba9a96b3c2c09cea6,ZvZ
9f12ad4d9d224d28928366035b133168,ZvZ
29bc4f0e437e4bf69ffda075ae6e9d74,ZvZ
807507c4756e46d9bab9e7cc830d706c,ZvZ
560aeb55ddc440899d9830c805d851d8,ZvZ
fedc479a0509483dbcde6930a943a124,ZvZ
a3c99fc51eaa46df897fe830c7cc3f91,ZvZ
3682213b7a9348e6a5b3090a34ec4c26,ZvZ
4ad7093955ee41b98066d5ddca7a336b,ZvZ
087e416b75dd45a2b6ee73cdd0f0a8c0,ZvZ
88f3be95f8c34499a7ce3f1882a56cab,ZvZ
a24375a3898a4b058bb4a0b90483f87c,ZvZ
0e63536c3aa14e3b984589997e4c9b97,ZvZ
05e1ec67af6f41bbb9549ceffa29df24,ZvZ
eaca518bb6374152ab2438b2b54d59b3,ZvZ
7db6e754b453430e842ec5391a9e1777,ZvZ
dce7edb23ef245f0a4e6ffc39ce1a9f7,ZvZ
19b9bab0b15149feb16bd054b5fdfe4e,ZvZ
b8f7e9656eb64ac88472b8bcf6f9f474,ZvZ
0983912c93214ee0a33eacc332c3b48d,ZvZ
ef4e81f6824549a1a9f252577e10f291,ZvZ
6bc66bb2b3b44848a95989334e325862,ZvZ
c70090b80f5e4398aeb433187e5d36af,ZvZ
ce62d9253a4b46a0a38d5a407ae62f9a,ZvZ
09d572b8520d46a0a7a1df3cd0b0fc31,ZvZ
5c4afe93ee3a4c439d966388521bde3e,ZvZ
572e0be2dc174e1790738ed7712b6ce8,ZvZ
39bf784d4ce54338888f02ffc0623b0e,ZvZ
c8c156e6e95c407288883766c5594498,ZvZ
062c80774dbe43beaa53f842c276ceb4,ZvZ
8b7f461e9dde4f6bbe8ac4a91bb218d0,ZvZ
017baca6f31e4b2ba2c803c7f959e897,ZvZ
8eb39c36b41749788727ed4cbd3ceef9,ZvZ
cd69e297479f41ce879da7fa76a95198,ZvZ
dd834be314be43509d6ef9b6b6737b06,ZvZ
0129e785fdb0496d860850280de313e6,ZvZ
ed0dfa57a0e7453fb0a072b1f62a2675,ZvZ
e03b0ed4c2ad4b04acb380d84094c64a,ZvZ
e4afc894c5cc4527a4c1593571558637,ZvZ
faf0cac265b24d0098f7e9647f597de8,ZvZ
b13848d03446462bab62bd537d395474,ZvZ
e7644b41435f4c86a69eb91202ce0991,ZvZ
674f80ed745f45c8ac2410d4f1b8c75a,ZvZ
48856a2bb85549a3a151417a9f3b417b,ZvZ
1f6693acf0e04a4882457ad3a4a33c81,ZvZ
5a3d5345c53d439f8f7609a9bb2db94f,ZvZ
04da2a9cf8aa43ff8c94f48216054402,ZvZ
75b6b5e2cacf4d1db8f54dac5a638740,ZvZ
483fcf2c51c84fa6a9c0b2db54211496,ZvZ
ad78936a588b43faaa28a96584a07a75,ZvZ
78f00ad0a2f84c0cb54b5ffc64b06139,ZvZ
d95a760c5629466a87371a4f4028aada,ZvZ
a35ce9ea23b641a1881fdb0133bac915,ZvZ
b0c22e8c23884c3c880d3c728d94e197,ZvZ
5d6cfc48380640c19f639f7ab8758bdb,ZvZ
bd836f62034e472e8464486576000d23,ZvZ
ed26054961304d2dabac6e3795403aba,ZvZ
08e6ef016145414189bd7833470a8bf6,ZvZ
ed88ed437743419fb21f823bab27c8a4,ZvZ
47676528c606439aa946777961d377ac,ZvZ
0f7258721aba4cca8c3e9cf2ee2151d3,ZvZ
1f2daf5b879044d8821763f449986346,ZvZ
202dafe8c6c54a27ab7933c55e8c5b15,ZvZ
69075acd258642ffa812fe592b40b304,ZvZ
0b69bc376d2143d4a681f310028275b3,ZvZ
4d841b668f4342dca8a16989ac3aadb7,ZvZ
b031529e88784dbc9785e7bc3c5aadda,ZvZ
84f90b409125450b9643168f3dae050a,ZvZ
688bd61baad74f029bce33165ac94fa7,ZvZ
e3cb23a5a2814aeb88fc47cd7136976d,ZvZ
4657584559704a9baebb0dfa601a9e9f,ZvZ
7714b40e9b1c4ff4a6f8f28ad2be83d3,ZvZ
8794b20414c2439b8db217c2081d0582,ZvZ
afc1c70825d24555a124692b4bdf4d04,ZvZ
d61c1a6888214e42aeb6c1ea13f8d164,ZvZ
bb0a9c1cd41f4770ae9963fe5fefced3,ZvZ
9f3ff6d5e815476498dacb3ca6ac556d,ZvZ
7b199524063d4e89913b1468cf456e22,ZvZ
5cfa0c6f4d664d97bf53c2ea8eb39e4b,ZvZ
d154872e86dc4054a12238db388804d5,ZvZ
af0f41b7b9194e979624b4c61f052ff9,ZvZ
b3ef628d4e3646908020897037962ed7,ZvZ
fb3dee7484d24f7d81a3da24c1363338,ZvZ
7d4924ab4176428299c9fcd094fffdea,ZvZ
274f6ba4e8484c39907ea1d10f4374ae,ZvZ
d15707827be84294a92950376dd011d1,ZvZ
2b6f5cadb68f496cbf6b940c0fff41de,ZvZ
c710d35884984be68b2ffa2ecbdcc7ca,ZvZ
3425516a068e4fa982fdbdb19555dea9,ZvZ
253dc38e488545e9b23abcfaf76943a8,ZvZ
d30e5ce49d064a078f66c7c0e8ce1e64,ZvZ
2afe3a14eca14af097ce39dc1dc99bbf,ZvZ
98b39680572a47fc82bc7f3276436b6b,ZvZ
3c86d86d484f447a81983826eaea46c9,ZvZ
a4c1e713c7244e2792c74de78a744b7f,ZvZ
c15aff1533c04587bb03d0373a764b22,ZvZ
31900796da8e4b55904909b1dc8f9664,ZvZ
fe142e7abcd34e50b1d93c0252e51041,ZvZ
7e391a38f874411abe9087436862cae9,ZvZ
811b7b1f5ee74ba99de15d8ccfa7a8ca,ZvZ
866c936bef6b4295ab7ec8944b01f6c9,ZvZ
c0c858f2ebf44757b4ff24d50dda4d58,ZvZ
209188df41884912b5b0fd4d5f6bf0d9,ZvZ
57c8da127487401b9e0a726a02820918,ZvZ
3e457db15a7d4416a954d63e539006ab,ZvZ
235efffe015a4327a788331372ad6540,ZvZ
e6ec5a3cd034413f9a9c28741bb952cf,ZvZ
a6982df8c7ad44d1b789b9b6e5080db5,ZvZ
a761f27634e54969bf81ee22af0320f3,ZvZ
f59407796dc4441d9e53e381c3756825,ZvZ
eacbc585e34d4466bad88142c9e7ccbc,ZvZ
82d3ef22091f4efe8da7957b78ec518f,ZvZ
f23e605455084bb992a783687f3d364e,ZvZ
2cf50d3f13e74cac88cd958473387fc2,ZvZ
38395a6694a24290854e8a2a6371b129,ZvZ
bd715e3247d146b6b79eba84dff14bc5,ZvZ
a93f01cd110f4a76a0b031c3f2fdba4d,ZvZ
118c7c1e96fb4f5790bb806fcc0bd6ab,ZvZ
c8219a78f0a54315a75a2aec917e0817,ZvZ
67ccf0ef9ee444c583202776193d62fd,ZvZ
9f314c517f4c45658c775a951b459f8f,ZvZ
7af6c081a42c4c839228599506072de1,ZvZ
6b87959eacbb41e28118d22d977f1288,ZvZ
aac36c591e85412583d57fc30045a39f,ZvZ
dd60d11dd03d464db0527dff2363792c,ZvZ
ea867904d98840f8b800a5ab0dba7f3c,ZvZ
0f4c70fcccf842d2886f0c98d7e2992c,ZvZ
bc2b8f25d0e14c68b495304a95c476e3,ZvZ
83230b859ef3494ea2cb7c8ff7604a53,ZvZ
8a0066652ae34b44b98db49e70cb15d2,ZvZ
ae3bf02a977f4e778c8e5be5c4b43c2f,ZvZ
9060179478db45019d7dd304c7cf208a,ZvZ
07a20ff12f8f48e9bb2711e38ad065f7,ZvZ
2bc7455ce17f4080a696f2a65a5cc729,ZvZ
3f7a97e1e0d646f493f4484dae6c58fa,ZvZ
bcf8cde6578d4201b15aee0b7a791e5c,ZvZ
7818edc76fa948f78f6c16a12adfd9f5,ZvZ
1ca353af8297456386e5d293de89a218,ZvZ
b543286aaafb4356bbffd9d128234601,ZvZ
f9d6f9cf9df84ce58d539bf1d53b3865,ZvZ
511bf9cd88eb47f8921268bac3385fe0,ZvZ
ad8d14ffd7104c059e148c841df0be04,ZvZ
1bd7caf1f760418b809cf5d033d08660,ZvZ
2b6a0c9f1eaf4317b11cc27f7d95ff61,ZvZ
79a9df097bb7441ab1db2e41c4beba25,ZvZ
3b014d1f9069426c8a4f4547d8aa9629,ZvZ
0a45283ded2f4982b35b9cbea85ed8a2,ZvZ
67d85e84049b4f5e959f6cb088e7577c,ZvZ
5281debdaac748a2a6cfced73570a85e,ZvZ
7bb23ff30c0b46ed8d36609f088130b4,ZvZ
c02c032a941d48e39701850d3f93e962,ZvZ
1175f9229c7845cc88ed06ff671e8961,ZvZ
828735489b064d519f1df7ba4f01fbb1,ZvZ
be32f90b1db2463c955eafdb4faa358f,ZvZ
8ce1e701b7c24e4d9e39a6abbe4a0fe2,ZvZ
3ccdd450db684e42bbd77fe6fab07cb0,ZvZ
ae5dbb8a72b4404ea1227ac6f19c3f06,ZvZ
cfd7f4692f35436e9cc0f986b80519a3,ZvZ
2ac3452e3a6c426e95d728a2976f7e31,ZvZ
69cc474679bd4c06a4eecb8c7db40e49,ZvZ
273be371c8a74a7489debabe277c0ad1,ZvZ
b74305fd4c584c9e8530d120c2ab3892,ZvZ
c1a315bd4aa2458d988677bb19ef0881,ZvZ
b552afabaa1f4f948f68dff8ea77ecbc,ZvZ
e1d05f254a404ccda3f2b69849afd788,ZvZ
0db2a5fa960d4a76ba338976f2548efd,ZvZ
4528c15e5ae045c4b3f274d6061644bc,ZvZ
2d9bb20af86d4c10915c6affe0000ff7,ZvZ
f1d353e88f744540914b397bcd1fa55d,ZvZ
e781b5869f194141a5cf6e31a8587bbb,ZvZ
ea9371425f24426690535cccaf083a2d,ZvZ
a1baeb69f30243e89049e0cff344d82b,ZvZ
5821e5b12bc74266a147207de3735c2d,ZvZ
f59f197b82be40cb9445e7a89ca5635c,ZvZ
f157d13e1ee54ba48df5b8e40b746d5d,ZvZ
42f1dc6725c9469b93561e0875697de1,ZvZ
9c3864724d4d4f2e97f45c9ec049370c,ZvZ
3b8df577f54a4c4ca2d082f123711c07,ZvZ
5dc0af0a6b6946ed8c52f67b290aed2b,ZvZ
6837739dc48b4006afd85a5ca66f432d,ZvZ
9f5b1cb82d7040db90c9367fc4ef9128,ZvZ
e73484a7b61544f0be5d705988ce95f7,ZvZ
ab53d427a84a468abfdf9b93968ebbc0,ZvZ
b6194ff87e6c4d6399bd039596b34704,ZvZ
84ef3343cb2c4451a24a22f92969d3da,ZvZ
e1e6d6842d7e479b906fa13912f0d523,ZvZ
d9885de3c9ba4381bee3ee246bf5bdb4,ZvZ
488ea227c4364140a1b38c3e27079fb9,ZvZ
1d9fa8a293d948aa8b84440938dadef9,ZvZ
bb5f1c3bb43b455fb6dce1ed32aee105,ZvZ
f9cc9915592447b3ae23478b4d4d5d0f,ZvZ
8a78b18f48884f838845a7fa7ea63e5e,ZvZ
0e34011430694909a2a5146132bafb88,ZvZ
37b194770db949c388dc9dabb3e82519,ZvZ
fcbc774c99944a628e3a1b610772c29e,ZvZ
6c612a2f6af64ffeaf5b80c0fe6cbbe5,ZvZ
10e7c46343dd4bc787faae4b30c6c5f4,ZvZ
8e0fce0817244e8986020e441a830374,ZvZ
2fc2969d0da94190bf11130f850ffe30,ZvZ
08da77f1d7484ffa8d3714a39f907428,ZvZ
ed0f9c1c245048b0b3a40f84156e3530,ZvZ
a428d24a1bca471c81ca4e4725676824,ZvZ
3f0d1a7c6e9a4b7d9a943548dcbb05f6,ZvZ
26b3a7f43e4a400dbf93c826f7bb58d6,ZvZ
a085175e87b74171ac1768d63e6d162c,ZvZ
9b8de08878a84f5b874a80b1344ca8e4,ZvZ
d0402df7c8314996aeb42e8be9ff4ade,ZvZ
2263c4ae25f0478a970e6ffa6c226c80,ZvZ
83e0f7a16c76430c867f83bc686068c0,ZvZ
1d52f07673df4af09abd550599c2b637,ZvZ
535ed0d945a64c1b9b825a349ae23266,ZvZ
0328a5a847674448a705b78477269a54,ZvZ
8f7e7e37b6a34d76be3d628db7631199,ZvZ
4b3679fe2c574bfb860c82a94f992472,ZvZ
2b057f5c058b4fa8bd4048e97c11a187,ZvZ
d8dd553d0f524466a257c04da1b637ad,ZvZ
8bed75e8bbe44951a897c3a6b7f58292,ZvZ
ae8446b4f8f44778a5200801f732d3e0,ZvZ
845e9995e27f40148b02864de6c04d8c,ZvZ
6905641774654b818c0277179cbc4190,ZvZ
34e3b8b254734399ae42a6e434999bba,ZvZ
a1902ad0a6da49b794561d8f59238794,ZvZ
bc14ab2f8d474d95b6bac73dc4a6bef5,ZvZ
f2e199432fdb492abc44b778cba0b913,ZvZ
926b4e2dad1547d9bf8330e2830ffdd4,ZvZ
808759ade554412885427b1a17112a11,ZvZ
3bf37e26bd2f4757854791f502df5a7d,ZvZ
ac67efcddc5e4f5389448f04a9caf533,ZvZ
9aef2ceb23284b1a95a7e68d5c580173,ZvZ
0d1d24449d6345caaa2b6e6bd9269e45,ZvZ
60466277b6e44c57b5a5105054ec3954,ZvZ
590b1dbc83274af688bd7661fb5ee3a4,ZvZ
337452d9dfc14017b106b4b7acfa9611,ZvZ
683e3d30890c4bf5900a2e239e26b97e,ZvZ
ba33b1a67ec6460d87ca56457d06527f,ZvZ
2f5098e96ce3471bac0d93b539074742,ZvZ
92ac2c57cff348b9ab92fe95ca9f2904,ZvZ
7a3f395d17574abbbbae2ab31ff0f098,ZvZ
5d0cbfa57f6f4c0ebdcda3aaabb62f9e,ZvZ
b2d73f30031842f687f4e6e98a9f47af,ZvZ
cbf1ecccf55a483b91b0a34da7860d1e,ZvZ
c75d453a86f04257a818facced2bea96,ZvZ
48e5a43dfb9c4de28788f3f7fcadac81,ZvZ
8f2a5dae5777499bab411254e0e342c5,ZvZ
78f7a760735342488b23ca52d55f87eb,ZvZ
3540d2025b884f7cb84167e44cce55c4,ZvZ
b299689398df48d7a00ec4e4cd8a5cb2,ZvZ
20d637ab6433487f91bc220c191c83ec,ZvZ
a6757b2d8ac7420889e749da6f24ed7e,ZvZ
ac938e5046ea4c4bad5ad368615443c2,ZvZ
db7522bf90454db9b74e970590ac766e,ZvZ
f72efdb3d50241c491ea55134d176839,ZvZ
6372bfabec1b4441b42f03f612a99efc,ZvZ
cc066943e001455c949167610e19ebe1,ZvZ
78f292243cf948c697c5c42dbddab296,ZvZ
6cc3be4cc04d4077aba7b2e701d52e89,ZvZ
da0ee8e01575457a98ad61fdfca02fef,ZvZ
ca152d44a5214cd0a17a3c32a240761d,ZvZ
0aa2ee20f06248bfa4c3f60e92db712f,ZvZ
14ebc6971a5c45c189a6eb7c650b1342,ZvZ
26e607e90e234cd3865875f43d9edef5,ZvZ
75fac9204f1c4ab29173fa5c2b08f19a,ZvZ
221249ddf05247d785cc8079a2707856,ZvZ
0cf21bad174a499fa48885fa9cf5db1b,ZvZ
7746574618ef4faf93a95b7f06d3ed17,ZvZ
0670065a34ed4b14973e07c66d903efe,ZvZ
b41feb0679174d18bfbd451e1386c481,ZvZ
c0ea10793d2e4e1f846cb3335cbfa7d3,ZvZ
a7ba415852c845d68d5d56f3fa4df57c,ZvZ
529628092da14744a62c50606d448b9c,ZvZ
11bfe303b5f34091bc38aa6a509bcaae,ZvZ
987a349b2ece4790ba2d22b8b9b31e8d,ZvZ
fa7030fc7fa640119ef1b86fd80d79c0,ZvZ
cf1b84ff0e3740c782ff86d024be709f,ZvZ
c60acd5bf0924e7080665bed1b63898c,ZvZ
08ca706977834b0896f3affb828c9df1,ZvZ
6bee125675af4bb895f78f9437a610c3,ZvZ
6ae707d41fac4086afc334d921afb243,ZvZ
76aee1001416497f9199b9f3ec0fecf9,ZvZ
cb5fb1ec5ee545a3aa406b010fc6dc66,ZvZ
39077d9a2df14e779f9f3d618b72a6c0,ZvZ
fcf79ade35ef436bbf098fb30259a29b,ZvZ
346a8abff30d4930b1b5f41b1f2145ed,ZvZ
2fa02bd2b0cd45ce82361addc3b50692,ZvZ
cbeba82307af4f758f72dca76304b660,ZvZ
03882ad31aa2486f9ce18b06c13a6f9f,ZvZ
976be3cabc4541b0a61d4cf2bdd479e4,ZvZ
26927525e16c41c9bfb48671d0978330,ZvZ
f4ff6ef9e2dc46709874ac554d617eec,ZvZ
fc172270eb9b4d0e96ece9c21a078268,ZvZ
b4bd217e4ab540b8b5a7b3e463460222,ZvZ
5fe7ac50009442ba9cdd769ff68071ef,ZvZ
e1d24fc695164becafee69298b5aca53,ZvZ
eff7195e3a984afa8f362b2957b169bf,ZvZ
6b3ea87635ea4cd4b20a863317b576b7,ZvZ
5410a36653384078ab3773723a8bcc6f,ZvZ
b8cc2d310c7d4c318712ac3b9ce52cec,ZvZ
144eaac246b54a74975ced2fd180102f,ZvZ
80f19f6a19944ffe98b7f8c9cf7af973,ZvZ
7b88a9d3e3884bd69d698e36b4c6399a,ZvZ
1be59c3d79064033bf39398827cb239c,ZvZ
d9a79a4cda0749f9ac08345b81ad0d83,ZvZ
5ee87c76c1e74ee89674f5041e551700,ZvZ
e2a842bc620048c3a24fb307cd0d5e42,ZvZ
956347d9329842f99978c24471a8710e,ZvZ
a5908a12399349c4b6f82fccdcacf56f,ZvZ
f3d1501ab4e04e3392ecc037171890c3,ZvZ
1eff5abb3d6e48cdaca8433a8bca2b40,ZvZ
9da54c9879b840a3ae9aacf83abb67fe,ZvZ
3b344fba96b749b483cfe85d89f6e260,ZvZ
ff49379dcd2847acbcb82539ef4772c1,ZvZ
7ae73086be094430ac7dd7d98fe0332c,ZvZ
286d23543aca435e9dce1ac64e6499bb,ZvZ
7c7268983de84dc395cc888b38c03a84,ZvZ
d7686c7aadc24d2198a51483fa399e43,ZvZ
6bc364ac281b41a6946e2f24bbd367c9,ZvZ
62aec2c8fb7b4633a476f53638e2a661,ZvZ
7e8620acd8ed44a3904111ab462623d6,ZvZ
ab518d43911048f18928e30a1453c727,ZvZ
35bb3b4cb87d4bc6962f8b9cf383b2eb,ZvZ
c99981bba4c34ae19562d34e5dba3f4b,ZvZ
09dffa43fc9e40a38fa5579adc5509bd,ZvZ
447c961c939e415ea2dfd2656fdf3fce,ZvZ
8128e2416ee54f97a9b54d253845ba06,ZvZ
f8fad6974db14a9a84d956f3be9532ba,ZvZ
c8a4136a1da94b55a59118bc086f01bf,ZvZ
ed2093fcc8cd4b5bbfb6ed6d075f4d7f,ZvZ
48c08f822d9e428691df759b559b768f,ZvZ
def4d3151c694a818c42ff948eab2969,ZvZ
2a2b28adea254548b7d9a942a67041f7,ZvZ
696fadc121104f16a7cc4173228526ef,ZvZ
a093bb2b33d6429da7c9f12f1d63e4dc,ZvZ
f5f2cf42d8c74538bde2994e83937b19,ZvZ
0b14685ec01c4de782e14d8fce0bbf52,ZvZ
115e5a0c9c714bef9a2aa30b74c2eb26,ZvZ
abd00fd72f3d4d95b6bf164955c99bb0,ZvZ
189e5f01856944ceabf19548cefe1ec3,ZvZ
4eb1a782ebf74862ae2c3a1c1b21be8c,ZvZ
2b0b6e1bf2f44abe95300b18adf212b0,ZvZ
712c6794f4de4095ac2da9b504f706df,ZvZ
e0a83867041548199ecfc4c3435a3419,ZvZ
b1c9b4fa5f3e426fa9aeb192f486055e,ZvZ
3d43286bf3af4160b1b2ceed5e7abb33,ZvZ
82d78aca175a47adb79ad312ae60cd05,ZvZ
7a8e98e6ad49456f83cff79fb36acb46,ZvZ
eb2a9d3169a64c0db3a8179ea6e792bc,ZvZ
27906e8a1f93492d97678ff59de18f3a,ZvZ
0f73d486d38f45ec9438f43c221f1440,ZvZ
b997dfca78334f4cbcd8a5b092a7d9ab,ZvZ
f0ec521db5ac459288ccd0d2e822f0d8,ZvZ
eb4cde720a6c4b6cb9215248b54145f2,ZvZ
d812b87859424416b96995a5035f8d70,ZvZ
0d1bdaddf5ae4bb7a04b6be18e45e330,ZvZ
414295d05a8644d88d3a25f83b111503,ZvZ
df2c5807c1d7469fad06d22f3038caa6,ZvZ
11206ef8b7624f08844fe0454a04c90c,ZvZ
e8d5a950f325455c8fd6a58df3debe06,ZvZ
97ef2c1610064180a075733581e6adff,ZvZ
42ef4409b372442bb120e5f2754cec9a,ZvZ
df3bc486ba8548a0b3d2fc9108607a32,ZvZ
82909073d47247369bbbf785044a25f4,ZvZ
c1152042b0004c6ca58d57e1a20f05e6,ZvZ
80cd29b3fc9f454a91bf70f3e96fbbe0,ZvZ
4bc27e6d2e2f46a7b85856eb9e44ca99,ZvZ
001f56ee09d54ff5833480b461936c7e,ZvZ
d9fb9b00a1d14508a708ec76823f2378,ZvZ
64d1983d4c264883bbada825c8de7ce6,ZvZ
2e6c6f881c864fc9be957d7d6ca541d9,ZvZ
7c21548ad0864af29be7c5da13761880,ZvZ
e50f05d63fb3405fb90f62f90b803d2b,ZvZ
d107320bda8c4a94b0c918ca9b36fdad,ZvZ
af7360a4a63f47dcb591ad17417929a3,ZvZ
3ef2869fc552456ab46ae4f7f186a715,ZvZ
a5485da529794eb09361d4315bca5043,ZvZ
df77f3d4ef994e7f812a99c8aa01af44,ZvZ
52520c85a46e4242b4def46b4be58664,ZvZ
2cc01bedd6dc4459bf8ff8ac445bb112,ZvZ
32ae57a0338b4a738197b7da012e6488,ZvZ
67923e9b6129472fbf6fb3042bfe9003,ZvZ
a9588534769e4aa8bd2ac80f51b61bed,ZvZ
f1e484c92ad841c7ae71ca9f50e376cd,ZvZ
30be137fd5b84a979b2f484f3b5e4849,ZvZ
df2f4e2d0a8645fc8778025081178e4e,ZvZ
3883a4eb7aca4b608a3c178271c96360,ZvZ
947c7263371b4dc0ad9953570fdc3db5,ZvZ
b31f711dc4284dc2b0fa7f3c831b618f,ZvZ
e72ea97e33644d3897cb1a10110c8ca7,ZvZ
16bf32d1418b442286aa7edc2a6fc084,ZvZ
c5f66ca10de24b19a07f5a474ea03c33,ZvZ
3385cd42188d4473a228b85d0112fed5,ZvZ
37c9b411406442e8907d1c03d731c8a3,ZvZ
d99d0446ca6f4c6897b7afb6cc68b41d,ZvZ
0b15cf97ab6e45898df0d311dfca13c8,ZvZ
ae8097d3b9fe412da9b50d48cce17318,ZvZ
66c33353563d460db655eee2564e4f3e,ZvZ
8c485147e1654c19b7f65deb9d12ab03,ZvZ
47bc4118a0e74083b60d575fddb2bf2e,ZvZ
584ffdc6ac874d40855a2f80948f0119,ZvZ
ced1f59cf25646ef818d5cb16472f469,ZvZ
3eae47fa6ae8410ab548ec659783ed29,ZvZ
6e8800c53a674314b69c4b49af763738,ZvZ
7c1a9a62022d463eb64a0b1feebf9635,ZvZ
05dfefe914d94b078de24a8c91a12ede,ZvZ
588a83eb76a84fcdb659cfa37cf7cd77,ZvZ
30f964b91c7d4d1089787463f49e9f61,ZvZ
22936cf362654f86aec88a09bb306fbd,ZvZ
86ab21df11ab4241ab730b45c2d457fa,ZvZ
eb06d63ed3334f7d921162061e9c9df8,ZvZ
031d30f29d0e43caa4558e34251bb1c9,ZvZ
d79817b9cd19470784a190c0305732d5,ZvZ
80ff66d07bf145038ec1bd4fcfe95a3e,ZvZ
d806053d901a40af8ef7166932e88d4c,ZvZ
0a0c779f0cb54db7a06de35c213d35f7,ZvZ
dc0cdb8e1ada4997ac45e79e499f2c1d,ZvZ
15911eeb37a2404dac886173c5f51222,ZvZ
933f1406446a4697b6ecca0f93dd3729,ZvZ
405ee2f838194079b49201e78d5d2cca,ZvZ
6c0360353c194062a629fcc0526eab38,ZvZ
dd6d7ed786ad453cb911dab76d0e12bd,ZvZ
23d261a3c0f24df0adb2b0fca998bed1,ZvZ
9a93d0273e2940b7a5bedfe9111a8998,ZvZ
80fa961a1dae4987bb6da71e1296dbb1,ZvZ
82a53bf3f1964eb3ab0d4c10d8823224,ZvZ
66fb6e216229410180cab883f102be01,ZvZ
f8fa94733eb448909b1864adf6503cc2,ZvZ
70df56071fbc42848e4065bc02a27993,ZvZ
fe821d9ba49841e0b986227113059cba,ZvZ
6079c7a92d1247f3916907c1876c6c5c,ZvZ
58b87dfbbdba4ed996412a6f83088866,ZvZ
1691f84c0a2f4de8a4fed2ed51e95102,ZvZ
6a1acc423e2b4270b92868f7f4c6f3a4,ZvZ
cb6e15544f0347c68a1176825e029737,ZvZ
1e353829c6d34d2db169a155f487ab58,ZvZ
8027f7b78d16413296b2678a139c6adf,ZvZ
369fc198c36e46a3a6f650e7e1e08593,ZvZ
6f79b7128813459fa8375358ee95d8b4,ZvZ
4a57357efc444422ab598f34887068a1,ZvZ
943783e8b64546d6b6ad6817b094ab6e,ZvZ
960e4f065c0c4032a05aa2e8cc065f39,ZvZ
bbd1f3a88ad443c7b06df473ba374500,ZvZ
c2663cd0b89049fc964a7d55082b4929,ZvZ
5d45c41816ae470789d175b142fb0080,ZvZ
7b59e4a4827947ec8fe38a17e7228184,ZvZ
cf713e049d714c6da9c4d7011a2dcf0a,ZvZ
3df29d840a66406c8b76fb8d762db69a,ZvZ
a273a41a3e43430fb9e5b34834a09211,ZvZ
a3f83914c46444799ee4e5089acbafaa,ZvZ
fef4eb9a29da4de78fd439cd36e223d0,ZvZ
ab8891904d34404aa4d3188b0b368c01,ZvZ
01ce45b017ed485d85d3af55e2979783,ZvZ
fc00b75102a546ca9fb91c25e1b273b1,ZvZ
c3d06a2d0b0f48238c4bd34750ece62e,ZvZ
85fe5e6398784da7adf4c33d45c22665,ZvZ
aee95d055e6d4a0f882180199add4b25,ZvZ
0e73bf661ccf4e959ab1f7902f1b525a,ZvZ
38ced6b1d145483786e30fb3645d17ba,ZvZ
b1f2019b712d448e8a3af6c48e77a709,ZvZ
705bb4e912234424b7d8b1c124acec83,ZvZ
f41642bd839c4c489314ef55ffc8aadf,ZvZ
5b1640df319c430484cd69fca082ec1e,ZvZ
68063feda7794f94a8802ccba982ee5a,ZvZ
b02c3649cfdc4cb28f5c8c9453130c6d,ZvZ
fcceb958d9014e0499e42aabe6f13da5,ZvZ
c0165d08249a4e34acaed3b5e48bc1b3,ZvZ
c207fb0834f64a0e8e9f9c904f1831b2,ZvZ
faebfa281041469db8aacd24bfc7425e,ZvZ
2f25aab450fe44e2b275de8d82f5e654,ZvZ
5ff53fbf6edb42ae86bcf626b2dff249,ZvZ
4e18608d42854410a440bbeb5f03cce9,ZvZ
4f33e379ff10463bbbfaf34e119cdf8e,ZvZ
1c03acfa86f144a3acb17bf2fb4a4496,ZvZ
ac08e765a95e401da1052003aa754ed7,ZvZ
3586c20386e1429d99697d4c8910d5ed,ZvZ
e8e6bc1405ae488bb92fe112736ed786,ZvZ
fa623efbf81c4d79846d534980cf2b01,ZvZ
71c033c3e4824c5aa500a65f4816ac53,ZvZ
214d461f39244ded9661aeb61d75df48,ZvZ
2add335bec1a47a5a3d495c01ee15dec,ZvZ
5e0c4bf66103448fa232c8f20e8fe3ea,ZvZ
fbc532650d9c4300bacfc7d79af3cb93,ZvZ
60cc44df7e92408cb0c5e63f53c2ae0e,ZvZ
405922f640f64b7cb23385b8c0de2810,ZvZ
ddbbb04b928449ce886437314f3383ec,ZvZ
978c9582273b4e2791752e63d5adb64f,ZvZ
acb447c8103f4b59b10fe9362c23ca3f,ZvZ
c66428531f944e7d885cbd494011005c,ZvZ
4444bc68607b4043a600c5d4dd353516,ZvZ
33b828b682f745be8953218379e9629e,ZvZ
2fb966e12a53492391532c124715cc1a,ZvZ
546c37ae6e0841e38d721b5edcebdf0a,ZvZ
c9d6e3378b184e4589565ed40bee7675,ZvZ
bf6328520a5444e8a00f3eb5f74fee7e,ZvZ
fa25f78139ab46bd90966c8284b00b84,ZvZ
1b871ce79d8e4e15a30a1cfcf34e4fb8,ZvZ
b24d6647e7b3419aaf2fcad70ea009f5,ZvZ
65d0281280a6471fad9d38fdaa260d9b,ZvZ
d28f04ca52d2441ab00f7bc70d81c793,ZvZ
3034655a75af4d2a826bf84f24c037f1,ZvZ
f53ead69ff8e474c9af460030545cdda,ZvZ
91da79c4bf184d578d23b7f8d7bc4dd8,ZvZ
cf66a88126e74658902ab3ebbfe6b008,ZvZ
5a7833a9b5a34fb9953b223b15e2ce03,ZvZ
81de791ffb5646808274bda4f19d4685,ZvZ
ae63c07d887446b5b255b70aaff70983,ZvZ
0d5efaa92781464eaf0f28e5adba2d9b,ZvZ
c9ed566c5e7948538a2e16882902be9f,ZvZ
eb06826ee7b042bbb3ffe67799db1006,ZvZ
45a29f45ce4f4327a92c65a6f559b4e6,ZvZ
1f91b5c6a84d4c43b6fd5a0e663b3401,ZvZ
ce00e5d40e8b4c769cc2bf3049e5a62d,ZvZ
f81ff8e1ce8a440c831cd71363a8e9d2,ZvZ
1a5438ae3e744fb5bee546049065bace,ZvZ
5a391f0d8a1f464ba7660cf8e262b2a2,ZvZ
9ed05f6499bb402abeadd2dacc0e0542,ZvZ
4d76c7a131f048c9b1cdeb26f7de2d96,ZvZ
b5f4d9623e6947cbba8526ae5bdaa326,ZvZ
3ed08951950149f8af1c75748e881bcf,ZvZ
4969f529046c418ab915071957a94693,ZvZ
2fca4fed571e4d15ae0bf1b321702edf,ZvZ
27b0d332225b4c74937f8dc5f6aabbff,ZvZ
aae99b57bebe4c6c9ce9dadb63c3515f,ZvZ
eb58adc2df574155b7c124f62ec31af0,ZvZ
